{"Test Loss": 1.346266196343132, "Test Accuracy": 0.686, "Accuracy": 1.0, "Loss": 0.03402491931046825, "_timestamp": 1651038276, "_runtime": 1198, "_step": 11799}