{"Test Loss": 1.7910398745536804, "Test Accuracy": 0.153, "Accuracy": 0.156, "Loss": 1.7970199175179005, "_timestamp": 1651035371, "_runtime": 2, "_step": 0, "_wandb": {"runtime": 2}}