{"Test Loss": 1.7970764714241028, "Test Accuracy": 0.163, "Accuracy": 0.156, "Loss": 1.7973187826573849, "_timestamp": 1651035131, "_runtime": 2, "_step": 0, "_wandb": {"runtime": 81}}