{"Test Loss": 1.7917202319145205, "Test Accuracy": 0.175, "Accuracy": 0.188, "Loss": 1.7872731797397137, "_timestamp": 1651035284, "_runtime": 3, "_step": 0}