{"Test Loss": 2.208511111799024, "Test Accuracy": 0.454, "Accuracy": 1.0, "Loss": 5.608310796745286e-05, "_timestamp": 1651036918, "_runtime": 1160, "_step": 11799, "_wandb": {"runtime": 1162}}