{"Test Loss": 1.7910087939262391, "Test Accuracy": 0.166, "Accuracy": 0.281, "Loss": 1.783392634242773, "_timestamp": 1651035244, "_runtime": 2, "_step": 0, "_wandb": {"runtime": 32}}