{"Test Loss": 1.7940859743118287, "Test Accuracy": 0.158, "Accuracy": 0.219, "Loss": 1.7946483679115772, "_timestamp": 1651035021, "_runtime": 2, "_step": 0, "_wandb": {"runtime": 2}}